_func_name, asm, assignment, bitwise, branch_case, branch_if, branch_ternary, branch_total, broken_dowhile, cast, comma, cond_depth, fix, goto, if_depth, if_in_loop, invalid_form, invalid_funccall, invalid_ir, invalid_jump, label, loc, local, lol, loop_depth, loop_dowhile, loop_for, loop_total, loop_while, operator, prop_branch_case, prop_branch_if, prop_branch_ternary, prop_loop_dowhile, prop_loop_for, prop_loop_while, ref_direct, ref_structured, strcmp, token, undefined, unimplemented, unknown, unknown_op, 
sub_404140, 0, 2, 0, 0, 1, 0, 1, 0, 0, 0, 0, 0, 0, 1, 0, 0, 0, 0, 0, 0, 14, 2, 6, 1, 0, 1, 0, 1, 3, 0.0, 1.0, 0.0, 1.0, 0.0, 0.0, 1, 1, 0, 26, 0, 0, 0, 0, 
sub_4041c0, 0, 20, 0, 0, 4, 0, 4, 0, 0, 0, 4, 0, 0, 1, 0, 0, 0, 0, 0, 0, 57, 18, 21, 0, 0, 1, 1, 1, 12, 0.0, 1.0, 0.0, 0.0, 0.0, 1.0, 3, 0, 0, 127, 1, 0, 0, 0, 
sub_4043a0, 0, 4, 0, 0, 2, 0, 2, 0, 0, 0, 2, 0, 0, 1, 0, 0, 0, 3, 0, 0, 18, 4, 24, 0, 0, 0, 0, 0, 4, 0.0, 1.0, 0.0, 0, 0, 0, 0, 0, 0, 48, 0, 0, 0, 0, 
sub_401ed0, 0, 1, 0, 0, 0, 0, 0, 0, 0, 0, 0, 0, 0, 0, 0, 0, 0, 0, 0, 0, 8, 2, 4, 0, 0, 0, 0, 0, 0, 0, 0, 0, 0, 0, 0, 0, 0, 0, 10, 0, 0, 0, 0, 
sub_405480, 0, 9, 0, 0, 6, 0, 6, 0, 0, 0, 4, 0, 0, 2, 0, 0, 0, 0, 0, 0, 40, 8, 13, 0, 0, 0, 0, 0, 13, 0.0, 1.0, 0.0, 0, 0, 0, 4, 0, 0, 96, 1, 0, 0, 0, 
sub_402010, 0, 18, 0, 0, 5, 0, 5, 0, 0, 0, 4, 0, 0, 2, 0, 0, 0, 0, 0, 0, 64, 23, 23, 0, 0, 0, 0, 0, 13, 0.0, 1.0, 0.0, 0, 0, 0, 0, 0, 0, 138, 0, 0, 0, 0, 
sub_4046b0, 0, 26, 0, 0, 4, 0, 4, 0, 4, 0, 2, 0, 0, 2, 0, 0, 0, 0, 0, 0, 73, 17, 17, 2, 1, 4, 1, 3, 55, 0.0, 1.0, 0.0, 0.5, 0.25, 0.25, 10, 15, 0, 307, 0, 0, 0, 0, 
sub_4036f0, 0, 6, 11, 0, 0, 2, 2, 0, 1, 0, 0, 0, 0, 0, 0, 0, 0, 0, 0, 0, 19, 8, 30, 0, 0, 0, 0, 0, 23, 0.0, 0.0, 1.0, 0, 0, 0, 4, 0, 0, 94, 0, 0, 0, 0, 
sub_404610, 0, 1, 1, 0, 1, 0, 1, 0, 0, 0, 3, 0, 0, 1, 0, 0, 0, 0, 0, 0, 11, 3, 18, 0, 0, 0, 0, 0, 6, 0.0, 1.0, 0.0, 0, 0, 0, 1, 0, 0, 30, 0, 0, 0, 0, 
sub_4055c0, 0, 113, 53, 0, 44, 16, 60, 0, 22, 0, 24, 0, 0, 9, 0, 0, 0, 0, 0, 0, 354, 61, 138, 5, 0, 7, 2, 2, 349, 0.0, 0.7333333333333333, 0.26666666666666666, 0.7142857142857143, 0.0, 0.2857142857142857, 110, 34, 0.0, 1765, 3, 0, 2, 0, 
sub_403a80, 0, 8, 0, 0, 1, 0, 1, 0, 0, 0, 0, 0, 0, 1, 0, 0, 0, 0, 0, 0, 25, 9, 5, 0, 0, 0, 0, 0, 1, 0.0, 1.0, 0.0, 0, 0, 0, 0, 0, 0, 46, 0, 0, 0, 0, 
sub_404160, 0, 11, 0, 0, 4, 0, 4, 0, 0, 0, 0, 0, 0, 2, 0, 0, 0, 0, 0, 0, 47, 8, 8, 1, 0, 1, 0, 1, 8, 0.0, 1.0, 0.0, 1.0, 0.0, 0.0, 4, 7, 0, 98, 0, 0, 0, 0, 
sub_4036e0, 0, 1, 0, 0, 0, 1, 1, 0, 0, 0, 0, 0, 0, 0, 0, 0, 0, 0, 0, 0, 8, 2, 12, 0, 0, 0, 0, 0, 2, 0.0, 0.0, 1.0, 0, 0, 0, 3, 0, 0, 20, 0, 0, 0, 0, 
sub_404500, 0, 1, 0, 0, 0, 0, 0, 0, 0, 0, 0, 0, 0, 0, 0, 0, 0, 0, 0, 0, 7, 2, 4, 0, 0, 0, 0, 0, 0, 0, 0, 0, 0, 0, 0, 0, 0, 0, 10, 0, 0, 0, 0, 
sub_4036d0, 0, 0, 0, 0, 0, 1, 1, 0, 0, 0, 0, 0, 0, 0, 0, 0, 0, 0, 0, 0, 6, 1, 10, 0, 0, 0, 0, 0, 2, 0.0, 0.0, 1.0, 0, 0, 0, 2, 0, 0, 15, 0, 0, 0, 0, 
sub_405380, 0, 7, 0, 0, 0, 0, 0, 0, 0, 0, 0, 0, 0, 0, 0, 0, 0, 0, 0, 0, 22, 3, 6, 0, 0, 0, 0, 0, 0, 0, 0, 0, 0, 0, 0, 1, 0, 0, 33, 0, 0, 0, 0, 
sub_404db0, 0, 137, 16, 0, 64, 2, 66, 0, 9, 0, 38, 0, 0, 7, 0, 0, 0, 0, 0, 0, 432, 60, 187, 0, 0, 2, 2, 1, 307, 0.0, 0.9696969696969697, 0.030303030303030304, 0.0, 0.0, 1.0, 43, 154, 0, 1784, 9, 0, 8, 0, 
sub_4022c0, 0, 479, 90, 311, 123, 3, 437, 0, 46, 0, 28, 0, 0, 9, 0, 0, 0, 0, 0, 0, 1047, 91, 143, 4, 0, 8, 4, 4, 554, 0.7116704805491991, 0.2814645308924485, 0.006864988558352402, 0.5, 0.0, 0.5, 71, 3, 0, 3984, 12, 0, 0, 0, 
sub_404280, 0, 1, 0, 0, 0, 0, 0, 0, 0, 0, 0, 0, 0, 0, 0, 0, 0, 0, 0, 0, 12, 2, 10, 0, 0, 0, 0, 0, 0, 0, 0, 0, 0, 0, 0, 0, 0, 0, 36, 0, 0, 0, 0, 
sub_401bd0, 0, 29, 0, 0, 10, 0, 10, 0, 0, 0, 8, 0, 0, 3, 0, 0, 0, 0, 0, 0, 123, 29, 36, 0, 0, 2, 2, 2, 34, 0.0, 1.0, 0.0, 0.0, 0.0, 1.0, 6, 2, 0.0, 376, 0, 0, 0, 0, 
sub_403bc0, 0, 8, 0, 0, 1, 0, 1, 0, 0, 0, 0, 0, 0, 1, 0, 0, 0, 0, 0, 0, 25, 9, 5, 0, 0, 0, 0, 0, 1, 0.0, 1.0, 0.0, 0, 0, 0, 0, 0, 0, 46, 0, 0, 0, 0, 
sub_403690, 0, 1, 0, 0, 0, 0, 0, 0, 0, 0, 0, 0, 0, 0, 0, 0, 0, 0, 0, 0, 6, 1, 5, 0, 0, 0, 0, 0, 0, 0, 0, 0, 0, 0, 0, 1, 0, 0, 12, 0, 0, 0, 0, 
sub_405500, 0, 6, 2, 0, 5, 0, 5, 0, 1, 0, 3, 0, 0, 2, 0, 0, 0, 0, 0, 0, 28, 3, 19, 0, 0, 0, 0, 0, 14, 0.0, 1.0, 0.0, 0, 0, 0, 4, 0, 0, 85, 0, 0, 0, 0, 
sub_40381b, 0, 20, 0, 0, 1, 1, 2, 0, 0, 0, 0, 0, 0, 1, 0, 0, 0, 0, 0, 0, 51, 23, 9, 0, 0, 0, 0, 0, 4, 0.0, 0.5, 0.5, 0, 0, 0, 13, 6, 0, 148, 0, 0, 0, 0, 
sub_405bb8, 0, 3, 0, 0, 1, 0, 1, 0, 0, 0, 0, 0, 0, 1, 0, 0, 0, 0, 0, 0, 19, 3, 6, 0, 0, 1, 1, 1, 1, 0.0, 1.0, 0.0, 0.0, 0.0, 1.0, 4, 1, 0, 37, 0, 0, 0, 0, 
sub_405440, 0, 1, 0, 0, 0, 0, 0, 0, 0, 0, 0, 0, 0, 0, 0, 0, 0, 0, 0, 0, 6, 1, 5, 0, 0, 0, 0, 0, 0, 0, 0, 0, 0, 0, 0, 0, 0, 0, 10, 0, 0, 0, 0, 
sub_4044b0, 0, 1, 0, 0, 0, 0, 0, 0, 0, 0, 0, 0, 0, 0, 0, 0, 0, 0, 0, 0, 7, 2, 4, 0, 0, 0, 0, 0, 0, 0, 0, 0, 0, 0, 0, 0, 0, 0, 10, 0, 0, 0, 0, 
sub_405420, 0, 2, 0, 0, 0, 0, 0, 0, 0, 0, 0, 0, 0, 0, 0, 0, 0, 0, 0, 0, 9, 3, 5, 0, 0, 0, 0, 0, 0, 0, 0, 0, 0, 0, 0, 0, 0, 0, 15, 0, 0, 0, 0, 
sub_404650, 0, 10, 1, 0, 2, 0, 2, 0, 0, 0, 3, 0, 0, 2, 0, 0, 0, 0, 0, 0, 45, 12, 13, 0, 0, 0, 0, 0, 8, 0.0, 1.0, 0.0, 0, 0, 0, 0, 8, 0, 97, 0, 0, 0, 0, 
sub_404590, 0, 4, 0, 0, 3, 0, 3, 0, 0, 0, 3, 0, 0, 3, 0, 0, 0, 0, 0, 0, 21, 4, 20, 0, 0, 0, 0, 0, 7, 0.0, 1.0, 0.0, 0, 0, 0, 1, 0, 0, 66, 0, 0, 0, 0, 
sub_4034f0, 0, 33, 1, 0, 9, 0, 9, 0, 3, 0, 2, 0, 0, 3, 0, 0, 0, 0, 0, 0, 100, 20, 18, 0, 0, 0, 0, 0, 17, 0.0, 1.0, 0.0, 0, 0, 0, 8, 11, 0, 255, 1, 0, 0, 0, 
sub_403780, 0, 6, 0, 0, 0, 1, 1, 0, 0, 0, 0, 0, 0, 0, 0, 0, 0, 0, 0, 0, 19, 8, 9, 0, 0, 0, 0, 0, 2, 0.0, 0.0, 1.0, 0, 0, 0, 7, 3, 0, 59, 0, 0, 0, 0, 
sub_401fc0, 0, 5, 4, 0, 1, 0, 1, 0, 1, 0, 0, 0, 0, 1, 0, 0, 0, 0, 0, 0, 23, 3, 22, 0, 0, 1, 1, 1, 10, 0.0, 1.0, 0.0, 0.0, 0.0, 1.0, 3, 3, 0, 65, 0, 0, 0, 0, 
sub_401ec0, 0, 1, 0, 0, 0, 0, 0, 0, 0, 0, 0, 0, 0, 0, 0, 0, 0, 0, 0, 0, 8, 2, 6, 0, 0, 0, 0, 0, 0, 0, 0, 0, 0, 0, 0, 0, 0, 0, 10, 0, 0, 0, 0, 
sub_403c30, 0, 7, 0, 0, 2, 0, 2, 0, 0, 0, 2, 0, 0, 1, 0, 0, 0, 0, 0, 0, 29, 7, 9, 0, 0, 0, 0, 0, 6, 0.0, 1.0, 0.0, 0, 0, 0, 6, 0, 0, 66, 1, 0, 0, 0, 
sub_40186b, 0, 2, 0, 0, 1, 0, 1, 0, 0, 0, 0, 0, 0, 1, 0, 0, 0, 0, 0, 0, 11, 1, 6, 0, 0, 0, 0, 0, 0, 0.0, 1.0, 0.0, 0, 0, 0, 1, 0, 0, 16, 0, 0, 0, 0, 
sub_403900, 0, 11, 0, 0, 4, 0, 4, 0, 0, 0, 0, 0, 0, 2, 0, 0, 0, 0, 0, 0, 39, 3, 13, 0, 0, 1, 1, 1, 6, 0.0, 1.0, 0.0, 0.0, 0.0, 1.0, 6, 7, 0, 101, 0, 0, 0, 0, 
sub_401ee0, 0, 4, 0, 0, 5, 0, 5, 0, 0, 0, 5, 0, 0, 3, 0, 0, 0, 0, 0, 0, 38, 4, 24, 0, 0, 1, 1, 1, 19, 0.0, 1.0, 0.0, 0.0, 0.0, 1.0, 5, 0, 0, 110, 0, 0, 0, 0, 
sub_403a10, 0, 8, 0, 0, 1, 0, 1, 0, 0, 0, 0, 0, 0, 1, 0, 0, 0, 0, 0, 0, 25, 9, 5, 0, 0, 0, 0, 0, 1, 0.0, 1.0, 0.0, 0, 0, 0, 0, 0, 0, 46, 0, 0, 0, 0, 
sub_404300, 0, 1, 0, 0, 2, 0, 2, 0, 0, 0, 2, 0, 0, 1, 0, 0, 0, 0, 0, 0, 14, 2, 9, 0, 0, 0, 0, 0, 6, 0.0, 1.0, 0.0, 0, 0, 0, 0, 0, 0, 33, 0, 0, 0, 0, 
sub_4021c0, 0, 6, 10, 0, 7, 3, 10, 0, 0, 0, 18, 0, 0, 3, 0, 0, 0, 0, 0, 0, 40, 6, 83, 0, 0, 0, 0, 0, 77, 0.0, 0.7, 0.3, 0, 0, 0, 4, 28, 0, 279, 0, 0, 1, 0, 
sub_405560, 0, 18, 0, 0, 3, 0, 3, 0, 0, 0, 2, 0, 0, 2, 0, 0, 0, 0, 0, 0, 54, 14, 12, 0, 0, 2, 2, 1, 13, 0.0, 1.0, 0.0, 0.0, 0.0, 1.0, 8, 4, 0, 139, 0, 0, 0, 0, 
sub_4018c1, 0, 7, 0, 0, 2, 0, 2, 0, 0, 0, 0, 0, 0, 2, 0, 0, 0, 0, 0, 0, 34, 9, 12, 0, 0, 1, 1, 1, 7, 0.0, 1.0, 0.0, 0.0, 0.0, 1.0, 1, 0, 0, 67, 0, 0, 0, 0, 
sub_404790, 0, 80, 0, 0, 43, 0, 43, 0, 11, 0, 18, 0, 0, 7, 0, 0, 0, 0, 0, 0, 304, 42, 51, 3, 0, 4, 1, 2, 138, 0.0, 1.0, 0.0, 0.75, 0.0, 0.25, 50, 41, 0.0, 996, 3, 0, 1, 0, 
sub_404530, 0, 1, 0, 0, 0, 0, 0, 0, 0, 0, 0, 0, 0, 0, 0, 0, 0, 0, 0, 0, 8, 3, 4, 0, 0, 0, 0, 0, 0, 0, 0, 0, 0, 0, 0, 0, 0, 0, 14, 0, 0, 0, 0, 
main_4016e0, 0, 10, 2, 0, 8, 0, 8, 0, 0, 0, 4, 0, 0, 3, 0, 0, 0, 0, 0, 0, 66, 9, 23, 0, 0, 1, 1, 1, 29, 0.0, 1.0, 0.0, 0.0, 0.0, 1.0, 1, 0, 0, 171, 0, 0, 0, 0, 
sub_404550, 0, 0, 0, 0, 0, 0, 0, 0, 0, 0, 0, 0, 0, 0, 0, 0, 0, 0, 0, 0, 7, 0, 5, 0, 0, 0, 0, 0, 0, 0, 0, 0, 0, 0, 0, 0, 0, 0, 15, 0, 0, 0, 0, 
sub_40457c, 0, 0, 0, 0, 0, 0, 0, 0, 0, 0, 0, 0, 0, 0, 0, 0, 0, 0, 0, 0, 4, 0, 3, 0, 0, 0, 0, 0, 0, 0, 0, 0, 0, 0, 0, 0, 0, 0, 5, 0, 0, 0, 0, 
sub_404320, 0, 6, 0, 0, 2, 0, 2, 0, 0, 0, 2, 0, 0, 1, 0, 0, 0, 3, 0, 0, 22, 6, 20, 0, 0, 0, 0, 0, 5, 0.0, 1.0, 0.0, 0, 0, 0, 0, 0, 0, 58, 0, 0, 0, 0, 
sub_405400, 0, 1, 0, 0, 0, 0, 0, 0, 0, 0, 0, 0, 0, 0, 0, 0, 0, 0, 0, 0, 6, 1, 5, 0, 0, 0, 0, 0, 0, 0, 0, 0, 0, 0, 0, 0, 0, 0, 10, 0, 0, 0, 0, 
sub_403d60, 0, 48, 0, 11, 2, 0, 13, 0, 0, 0, 0, 0, 0, 1, 0, 0, 0, 0, 0, 0, 126, 23, 16, 0, 0, 0, 0, 0, 1, 0.8461538461538461, 0.15384615384615385, 0.0, 0, 0, 0, 40, 36, 0, 469, 0, 0, 0, 0, 
sub_403730, 0, 2, 0, 0, 0, 2, 2, 0, 1, 0, 0, 0, 0, 0, 0, 0, 0, 0, 0, 0, 10, 3, 15, 0, 0, 0, 0, 0, 6, 0.0, 0.0, 1.0, 0, 0, 0, 4, 0, 0, 37, 0, 0, 0, 0, 
sub_405460, 0, 2, 0, 0, 0, 0, 0, 0, 0, 0, 0, 0, 0, 0, 0, 0, 0, 0, 0, 0, 9, 3, 5, 0, 0, 0, 0, 0, 0, 0, 0, 0, 0, 0, 0, 0, 0, 0, 15, 0, 0, 0, 0, 
sub_402120, 0, 24, 0, 0, 5, 0, 5, 0, 0, 0, 0, 0, 0, 5, 0, 0, 0, 0, 0, 0, 72, 15, 15, 0, 0, 2, 2, 1, 23, 0.0, 1.0, 0.0, 0.0, 0.0, 1.0, 8, 4, 0, 187, 0, 0, 0, 0, 
sub_404360, 0, 1, 0, 0, 4, 0, 4, 0, 0, 0, 4, 0, 0, 2, 0, 0, 0, 0, 0, 0, 23, 3, 9, 0, 0, 0, 0, 0, 12, 0.0, 1.0, 0.0, 0, 0, 0, 0, 0, 0, 60, 0, 0, 0, 0, 
sub_4044d0, 0, 1, 0, 0, 3, 0, 3, 0, 0, 0, 3, 0, 0, 2, 0, 0, 0, 2, 0, 0, 18, 3, 28, 0, 0, 0, 0, 0, 8, 0.0, 1.0, 0.0, 0, 0, 0, 0, 0, 0, 55, 0, 0, 0, 0, 
sub_403b0f, 0, 5, 8, 0, 0, 0, 0, 0, 8, 0, 0, 0, 0, 0, 0, 0, 0, 0, 0, 0, 18, 5, 79, 0, 0, 0, 0, 0, 18, 0, 0, 0, 0, 0, 0, 12, 3, 0, 109, 0, 0, 0, 0, 
sub_4053e0, 0, 1, 0, 0, 0, 0, 0, 0, 0, 0, 0, 0, 0, 0, 0, 0, 0, 0, 0, 0, 6, 1, 5, 0, 0, 0, 0, 0, 0, 0, 0, 0, 0, 0, 0, 0, 0, 0, 10, 0, 0, 0, 0, 
sub_4037f2, 0, 6, 0, 0, 0, 0, 0, 0, 0, 0, 0, 0, 0, 0, 0, 0, 0, 0, 0, 0, 20, 11, 6, 0, 0, 0, 0, 0, 1, 0, 0, 0, 0, 0, 0, 0, 0, 0, 34, 0, 0, 0, 0, 
sub_403750, 0, 7, 0, 0, 2, 2, 4, 0, 0, 0, 2, 0, 0, 1, 0, 0, 0, 0, 0, 0, 26, 7, 9, 0, 0, 0, 0, 0, 10, 0.0, 0.5, 0.5, 0, 0, 0, 5, 2, 0, 76, 0, 0, 0, 0, 
sub_401f90, 0, 1, 0, 0, 2, 0, 2, 0, 0, 0, 0, 0, 0, 1, 0, 0, 0, 0, 0, 0, 16, 4, 5, 0, 0, 0, 0, 0, 1, 0.0, 1.0, 0.0, 0, 0, 0, 0, 0, 0, 23, 0, 0, 0, 0, 
